{
  "timestamp": "2026-03-30T08:20:03.721852",
  "vendors": {
    "tedpack_air": {
      "mape": 14.02945049605267,
      "rmse": 0.017205509360683536,
      "r2": 0.7486136609137974,
      "coverage_90": 84.0,
      "n_train": 199,
      "n_test": 50
    },
    "dazpak": {
      "mape": 12.323538367633754,
      "rmse": 0.025012024182619667,
      "r2": 0.5628123721919069,
      "coverage_90": 89.28571428571429,
      "n_train": 192,
      "n_test": 56
    },
    "tedpack_ocean": {
      "mape": 28.404445542619154,
      "rmse": 0.01473736873245906,
      "r2": 0.7025525410954157,
      "coverage_90": 85.71428571428571,
      "n_train": 166,
      "n_test": 42
    },
    "ross": {
      "mape": 16.05716730664955,
      "rmse": 0.10767100195687632,
      "r2": 0.6054281093800661,
      "coverage_90": 60.09615384615385,
      "n_train": 817,
      "n_test": 208
    }
  }
}