{
  "timestamp": "2026-04-13T08:59:19.426245",
  "vendors": {
    "dazpak": {
      "mape": 12.323538367633754,
      "rmse": 0.025012024182619667,
      "r2": 0.5628123721919069,
      "coverage_90": 89.28571428571429,
      "n_train": 192,
      "n_test": 56
    },
    "tedpack_air": {
      "mape": 13.894515358948901,
      "rmse": 0.016907169834410044,
      "r2": 0.7572560383818692,
      "coverage_90": 84.0,
      "n_train": 199,
      "n_test": 50
    },
    "tedpack_ocean": {
      "mape": 28.50858391149074,
      "rmse": 0.014760487760189274,
      "r2": 0.7016185765549479,
      "coverage_90": 85.71428571428571,
      "n_train": 166,
      "n_test": 42
    },
    "ross": {
      "mape": 16.253683751588945,
      "rmse": 0.10959024393171996,
      "r2": 0.5912362064243418,
      "coverage_90": 59.61538461538461,
      "n_train": 817,
      "n_test": 208
    }
  }
}