{
  "timestamp": "2026-04-08T08:11:17.521417",
  "vendors": {
    "tedpack_air": {
      "mape": 13.902266082175242,
      "rmse": 0.01690729214192928,
      "r2": 0.7572525263193024,
      "coverage_90": 86.0,
      "n_train": 199,
      "n_test": 50
    },
    "dazpak": {
      "mape": 12.323538367633754,
      "rmse": 0.025012024182619667,
      "r2": 0.5628123721919069,
      "coverage_90": 89.28571428571429,
      "n_train": 192,
      "n_test": 56
    },
    "tedpack_ocean": {
      "mape": 28.52763275884743,
      "rmse": 0.014791853984432184,
      "r2": 0.7003491005197735,
      "coverage_90": 85.71428571428571,
      "n_train": 166,
      "n_test": 42
    },
    "ross": {
      "mape": 16.122265158507226,
      "rmse": 0.10631584568160389,
      "r2": 0.6152978353608156,
      "coverage_90": 59.61538461538461,
      "n_train": 817,
      "n_test": 208
    }
  }
}