{
  "timestamp": "2026-03-13T07:42:07.885928",
  "vendors": {
    "tedpack_air": {
      "mape": 7.730601370894156,
      "rmse": 0.011637318023941813,
      "r2": 0.8849961417489699,
      "coverage_90": 82.0,
      "n_train": 199,
      "n_test": 50
    },
    "tedpack_ocean": {
      "mape": 14.313677094068197,
      "rmse": 0.008582370748251045,
      "r2": 0.8991246843467064,
      "coverage_90": 71.42857142857143,
      "n_train": 166,
      "n_test": 42
    },
    "ross": {
      "mape": 9.037797019001577,
      "rmse": 0.06380148727646519,
      "r2": 0.8377849326930231,
      "coverage_90": 65.73033707865169,
      "n_train": 708,
      "n_test": 178
    },
    "dazpak": {
      "mape": 7.261806063587538,
      "rmse": 0.020792299048454334,
      "r2": 0.8952090393699565,
      "coverage_90": 52.27272727272727,
      "n_train": 172,
      "n_test": 44
    }
  }
}