{
  "timestamp": "2026-04-02T08:03:46.946653",
  "vendors": {
    "tedpack_air": {
      "mape": 13.889527088615484,
      "rmse": 0.01680819742141859,
      "r2": 0.7600897043761284,
      "coverage_90": 88.0,
      "n_train": 199,
      "n_test": 50
    },
    "dazpak": {
      "mape": 12.323538367633754,
      "rmse": 0.025012024182619667,
      "r2": 0.5628123721919069,
      "coverage_90": 89.28571428571429,
      "n_train": 192,
      "n_test": 56
    },
    "tedpack_ocean": {
      "mape": 28.441080586887107,
      "rmse": 0.014708896243097923,
      "r2": 0.7037007635050285,
      "coverage_90": 83.33333333333334,
      "n_train": 166,
      "n_test": 42
    },
    "ross": {
      "mape": 16.213546273415385,
      "rmse": 0.10809876712654173,
      "r2": 0.6022866991746519,
      "coverage_90": 59.61538461538461,
      "n_train": 817,
      "n_test": 208
    }
  }
}