{
  "timestamp": "2026-03-11T07:40:29.692170",
  "vendors": {
    "tedpack_air": {
      "mape": 7.473587677999273,
      "rmse": 0.010925913504474659,
      "r2": 0.8986270415294718,
      "coverage_90": 80.0,
      "n_train": 199,
      "n_test": 50
    },
    "tedpack_ocean": {
      "mape": 15.210088656665697,
      "rmse": 0.009180076037977167,
      "r2": 0.8845848234137136,
      "coverage_90": 76.19047619047619,
      "n_train": 166,
      "n_test": 42
    },
    "ross": {
      "mape": 9.108116431113514,
      "rmse": 0.06509426555451622,
      "r2": 0.7901498473255973,
      "coverage_90": 69.10112359550563,
      "n_train": 708,
      "n_test": 178
    },
    "dazpak": {
      "mape": 7.420835382568952,
      "rmse": 0.020983302055522252,
      "r2": 0.8852477425758635,
      "coverage_90": 52.27272727272727,
      "n_train": 172,
      "n_test": 44
    }
  }
}