{
  "timestamp": "2026-03-16T08:05:58.356978",
  "vendors": {
    "tedpack_air": {
      "mape": 13.696577595716061,
      "rmse": 0.016653987758895317,
      "r2": 0.7644717055543839,
      "coverage_90": 88.0,
      "n_train": 199,
      "n_test": 50
    },
    "tedpack_ocean": {
      "mape": 28.223829403292793,
      "rmse": 0.014672855919776094,
      "r2": 0.705150992998006,
      "coverage_90": 80.95238095238095,
      "n_train": 166,
      "n_test": 42
    },
    "ross": {
      "mape": 15.885829922935018,
      "rmse": 0.08105442298948239,
      "r2": 0.6435169543057191,
      "coverage_90": 60.526315789473685,
      "n_train": 750,
      "n_test": 190
    },
    "dazpak": {
      "mape": 6.509180731492389,
      "rmse": 0.017505414041372305,
      "r2": 0.9255177563581073,
      "coverage_90": 68.62745098039215,
      "n_train": 159,
      "n_test": 51
    }
  }
}