{
  "timestamp": "2026-04-14T08:24:23.665339",
  "vendors": {
    "dazpak": {
      "mape": 12.323538367633754,
      "rmse": 0.025012024182619667,
      "r2": 0.5628123721919069,
      "coverage_90": 89.28571428571429,
      "n_train": 192,
      "n_test": 56
    },
    "tedpack_air": {
      "mape": 14.043500571685493,
      "rmse": 0.01714634669737189,
      "r2": 0.7503395168019673,
      "coverage_90": 86.0,
      "n_train": 199,
      "n_test": 50
    },
    "tedpack_ocean": {
      "mape": 28.537400241831314,
      "rmse": 0.014781295896124737,
      "r2": 0.7007767158218785,
      "coverage_90": 83.33333333333334,
      "n_train": 166,
      "n_test": 42
    },
    "ross": {
      "mape": 15.963631657612643,
      "rmse": 0.10726497483150411,
      "r2": 0.6083983579645272,
      "coverage_90": 61.53846153846154,
      "n_train": 817,
      "n_test": 208
    }
  }
}