{
  "timestamp": "2026-04-07T08:10:04.533578",
  "vendors": {
    "tedpack_air": {
      "mape": 13.908792501308758,
      "rmse": 0.017014008384034735,
      "r2": 0.7541784855489124,
      "coverage_90": 88.0,
      "n_train": 199,
      "n_test": 50
    },
    "dazpak": {
      "mape": 12.323538367633754,
      "rmse": 0.025012024182619667,
      "r2": 0.5628123721919069,
      "coverage_90": 89.28571428571429,
      "n_train": 192,
      "n_test": 56
    },
    "tedpack_ocean": {
      "mape": 28.426957567646188,
      "rmse": 0.014711738391159286,
      "r2": 0.7035862467327006,
      "coverage_90": 85.71428571428571,
      "n_train": 166,
      "n_test": 42
    },
    "ross": {
      "mape": 16.217128770200144,
      "rmse": 0.1072782691589431,
      "r2": 0.6083012824171441,
      "coverage_90": 62.980769230769226,
      "n_train": 817,
      "n_test": 208
    }
  }
}