{
  "timestamp": "2026-04-10T08:19:44.174797",
  "vendors": {
    "dazpak": {
      "mape": 12.323538367633754,
      "rmse": 0.025012024182619667,
      "r2": 0.5628123721919069,
      "coverage_90": 89.28571428571429,
      "n_train": 192,
      "n_test": 56
    },
    "tedpack_air": {
      "mape": 13.87673589922935,
      "rmse": 0.016991777634963193,
      "r2": 0.7548204537541616,
      "coverage_90": 86.0,
      "n_train": 199,
      "n_test": 50
    },
    "tedpack_ocean": {
      "mape": 28.563671455161682,
      "rmse": 0.014781648358344451,
      "r2": 0.7007624456034776,
      "coverage_90": 85.71428571428571,
      "n_train": 166,
      "n_test": 42
    },
    "ross": {
      "mape": 16.040134470050113,
      "rmse": 0.10791346344701563,
      "r2": 0.6036490564596053,
      "coverage_90": 61.53846153846154,
      "n_train": 817,
      "n_test": 208
    }
  }
}