{
  "timestamp": "2026-03-09T07:48:06.162601",
  "vendors": {
    "ross": {
      "mape": 7.870661122768115,
      "rmse": 0.06635828416145506,
      "r2": 0.803200602742179,
      "coverage_90": 70.94972067039106,
      "n_train": 714,
      "n_test": 179
    },
    "dazpak": {
      "mape": 7.628037357324651,
      "rmse": 0.020952783317239248,
      "r2": 0.8892527837515574,
      "coverage_90": 52.27272727272727,
      "n_train": 172,
      "n_test": 44
    }
  }
}