{
  "timestamp": "2026-04-09T08:18:01.751610",
  "vendors": {
    "tedpack_air": {
      "mape": 13.730114643054971,
      "rmse": 0.01659184104342666,
      "r2": 0.7662262402055584,
      "coverage_90": 86.0,
      "n_train": 199,
      "n_test": 50
    },
    "dazpak": {
      "mape": 12.323538367633754,
      "rmse": 0.025012024182619667,
      "r2": 0.5628123721919069,
      "coverage_90": 89.28571428571429,
      "n_train": 192,
      "n_test": 56
    },
    "tedpack_ocean": {
      "mape": 28.53050074582305,
      "rmse": 0.014771247781471621,
      "r2": 0.7011833930111213,
      "coverage_90": 83.33333333333334,
      "n_train": 166,
      "n_test": 42
    },
    "ross": {
      "mape": 16.18095787917634,
      "rmse": 0.10813574354395357,
      "r2": 0.6020145678896733,
      "coverage_90": 61.53846153846154,
      "n_train": 817,
      "n_test": 208
    }
  }
}