{
  "timestamp": "2026-04-01T08:13:51.861557",
  "vendors": {
    "tedpack_air": {
      "mape": 13.853691671065564,
      "rmse": 0.016856618924616207,
      "r2": 0.7587054333715383,
      "coverage_90": 84.0,
      "n_train": 199,
      "n_test": 50
    },
    "dazpak": {
      "mape": 12.323538367633754,
      "rmse": 0.025012024182619667,
      "r2": 0.5628123721919069,
      "coverage_90": 89.28571428571429,
      "n_train": 192,
      "n_test": 56
    },
    "tedpack_ocean": {
      "mape": 28.40723465821104,
      "rmse": 0.014705174580281151,
      "r2": 0.7038506845223993,
      "coverage_90": 85.71428571428571,
      "n_train": 166,
      "n_test": 42
    },
    "ross": {
      "mape": 16.1132789782132,
      "rmse": 0.10807266356026017,
      "r2": 0.6024787546864824,
      "coverage_90": 60.09615384615385,
      "n_train": 817,
      "n_test": 208
    }
  }
}