{
  "timestamp": "2026-03-12T07:43:02.543628",
  "vendors": {
    "tedpack_air": {
      "mape": 6.135437997426074,
      "rmse": 0.01179349213685568,
      "r2": 0.9385938172768512,
      "coverage_90": 62.5,
      "n_train": 224,
      "n_test": 56
    },
    "tedpack_ocean": {
      "mape": 15.239338042519627,
      "rmse": 0.01007747758023386,
      "r2": 0.8597316636478456,
      "coverage_90": 74.46808510638297,
      "n_train": 185,
      "n_test": 47
    },
    "ross": {
      "mape": 9.954502412926413,
      "rmse": 0.0668259378327937,
      "r2": 0.7818758566668623,
      "coverage_90": 69.66292134831461,
      "n_train": 708,
      "n_test": 178
    },
    "dazpak": {
      "mape": 8.05641801481412,
      "rmse": 0.023478525230912976,
      "r2": 0.872010649934085,
      "coverage_90": 50.0,
      "n_train": 172,
      "n_test": 44
    }
  }
}