{
  "timestamp": "2026-03-02T07:46:06.491491",
  "vendors": {
    "ross": {
      "mape": 7.456000336774643,
      "rmse": 0.0602132153190752,
      "r2": 0.8497950479379076,
      "coverage_90": 71.06598984771574,
      "n_train": 786,
      "n_test": 197
    },
    "dazpak": {
      "mape": 7.993654185628849,
      "rmse": 0.02003279273943415,
      "r2": 0.8815358770974918,
      "coverage_90": 50.0,
      "n_train": 172,
      "n_test": 44
    }
  }
}