{
  "timestamp": "2026-04-06T08:21:12.276092",
  "vendors": {
    "tedpack_air": {
      "mape": 13.937863340844943,
      "rmse": 0.01712227697581714,
      "r2": 0.7510399622761481,
      "coverage_90": 86.0,
      "n_train": 199,
      "n_test": 50
    },
    "dazpak": {
      "mape": 12.323538367633754,
      "rmse": 0.025012024182619667,
      "r2": 0.5628123721919069,
      "coverage_90": 89.28571428571429,
      "n_train": 192,
      "n_test": 56
    },
    "tedpack_ocean": {
      "mape": 28.454108383575903,
      "rmse": 0.014716242215251902,
      "r2": 0.7034047318478724,
      "coverage_90": 83.33333333333334,
      "n_train": 166,
      "n_test": 42
    },
    "ross": {
      "mape": 16.37082160092914,
      "rmse": 0.10884537159145281,
      "r2": 0.5967739639021752,
      "coverage_90": 61.057692307692314,
      "n_train": 817,
      "n_test": 208
    }
  }
}