{
  "timestamp": "2026-03-31T08:06:23.375966",
  "vendors": {
    "tedpack_air": {
      "mape": 13.801457712131505,
      "rmse": 0.016666428662321445,
      "r2": 0.7641196842529734,
      "coverage_90": 84.0,
      "n_train": 199,
      "n_test": 50
    },
    "dazpak": {
      "mape": 12.323538367633754,
      "rmse": 0.025012024182619667,
      "r2": 0.5628123721919069,
      "coverage_90": 89.28571428571429,
      "n_train": 192,
      "n_test": 56
    },
    "tedpack_ocean": {
      "mape": 28.435561206950528,
      "rmse": 0.014708562984654347,
      "r2": 0.7037141898154918,
      "coverage_90": 85.71428571428571,
      "n_train": 166,
      "n_test": 42
    },
    "ross": {
      "mape": 16.149731897633547,
      "rmse": 0.10776973623756804,
      "r2": 0.6047041329476666,
      "coverage_90": 60.57692307692307,
      "n_train": 817,
      "n_test": 208
    }
  }
}