{
  "timestamp": "2026-03-10T07:38:27.642841",
  "vendors": {
    "ross": {
      "mape": 8.992190176994333,
      "rmse": 0.06738524980117462,
      "r2": 0.8027349002590695,
      "coverage_90": 71.34831460674157,
      "n_train": 708,
      "n_test": 178
    },
    "dazpak": {
      "mape": 8.144218138610162,
      "rmse": 0.023245243739867406,
      "r2": 0.8791235494863618,
      "coverage_90": 56.81818181818182,
      "n_train": 172,
      "n_test": 44
    }
  }
}