{
  "timestamp": "2026-04-03T08:00:11.259357",
  "vendors": {
    "tedpack_air": {
      "mape": 13.838919348286744,
      "rmse": 0.01694402365540641,
      "r2": 0.7561966307133257,
      "coverage_90": 86.0,
      "n_train": 199,
      "n_test": 50
    },
    "dazpak": {
      "mape": 12.323538367633754,
      "rmse": 0.025012024182619667,
      "r2": 0.5628123721919069,
      "coverage_90": 89.28571428571429,
      "n_train": 192,
      "n_test": 56
    },
    "tedpack_ocean": {
      "mape": 28.397346707454712,
      "rmse": 0.01468504110573201,
      "r2": 0.704661070405034,
      "coverage_90": 83.33333333333334,
      "n_train": 166,
      "n_test": 42
    },
    "ross": {
      "mape": 15.982831622385573,
      "rmse": 0.10749391085540308,
      "r2": 0.6067249805173381,
      "coverage_90": 62.019230769230774,
      "n_train": 817,
      "n_test": 208
    }
  }
}